,variant_and_allele,maf
0,rs113507694-<b>G</b>,0.03875066172578084
24,rs11784341-<b>T</b>,0.01156852527357999
9,rs57726666-<b>A</b>,0.9330862890418211
13,chr2:159476445-<b>?</b>,-1.0
5,rs76695126-<b>T</b>,-1.0
26,rs184224980-<b>C</b>,0.3302984319676277
1,rs11110253-<b>A</b>,0.8361037586024351
19,rs6922614-<b>T</b>,0.8770063943625213
27,rs7074356-<b>A</b>,0.15382995203217784
7,rs8104156-<b>T</b>,0.37586024351508734
7,rs8104156-<b>T</b>,0.37586024351508734
23,chr7:76213662-<b>?</b>,-1.0
20,rs6975373-<b>T</b>,0.09629433562731604
16,rs13136239-<b>G</b>,0.7163049232398094
25,rs7859734-<b>C</b>,0.5559555320275278
18,rs2145737-<b>T</b>,0.5953943885653785
17,rs34416917-<b>G</b>,0.893615944961554
15,rs283386-<b>G</b>,0.13509793541556378
11,rs62127626-<b>A</b>,0.004658549497088407
11,rs62127626-<b>A</b>,0.004658549497088407
8,rs187785463-<b>G</b>,0.9038131436978911
10,rs115689122-<b>A</b>,0.004393859184753838
22,chr7:27669577-<b>?</b>,-1.0
2,rs675828-<b>G</b>,0.49470049783202186
2,rs675828-<b>G</b>,0.49470049783202186
6,rs1985762-<b>T</b>,0.10567556120288013
6,rs1985762-<b>T</b>,0.10567556120288013
3,rs9520569-<b>T</b>,0.7502154870006214
4,rs187058036-<b>C</b>,-1.0
14,chr3:77677315-<b>?</b>,-1.0
12,rs150592717-<b>T</b>,-1.0
12,rs150592717-<b>T</b>,-1.0
21,rs114497090-<b>A</b>,0.013496612819176655
